,_id,totalRevenue
0,CUST1003,389.95000000000005
1,CUST1001,291.95
2,CUST1007,254.99
3,CUST1005,230.99
4,CUST1010,222.95999999999998
5,CUST1009,214.98000000000002
6,CUST1008,179.95
7,CUST1011,150.0
8,CUST1012,115.97999999999999
9,CUST1006,76.49
10,CUST1002,59.99
11,CUST1004,38.97
